"Id","DisplayName","Category","Tier","Description","MaxStack","Value","TwoHanded","Equipment","MoveSet","Consumable","SourcePath"
"dungeonknight_shield","Dungeon Knight Shield","OffHand","3","","1","0","false","{fileID: 0}","{fileID: 0}","{fileID: 0}","Assets/Core/Data/Items/Definitions/Item_dungeonknight_shield.asset"
"ember_draught","Ember Draught","Consumable","1","A hot, resinous draught. Closes what is open.","5","0","false","{fileID: 0}","{fileID: 0}","{fileID: 11400000, guid: 8b156fee63ef64ddcb49f3915e44cf8c, type: 2}","Assets/Core/Data/Items/Definitions/Item_ember_draught.asset"
"manatarms_longsword","Man-at-Arms Longsword","Weapon","2","","1","0","false","{fileID: 0}","{fileID: 11400000, guid: 43cb57d2355064e60a79eebe8ee3112b, type: 2}","{fileID: 0}","Assets/Core/Data/Items/Definitions/Item_manatarms_longsword.asset"
"militia_helm","Militia Helm","Helm","1","","1","0","false","{fileID: 11400000, guid: 9b4cdc48a8a0f4817b27ef061671258d, type: 2}","{fileID: 0}","{fileID: 0}","Assets/Core/Data/Items/Definitions/Item_militia_helm.asset"
"militia_mail","Militia Chainmail","Armor","1","","1","0","false","{fileID: 11400000, guid: dd5a986e2dc28404da0d5fb0febd7dcb, type: 2}","{fileID: 0}","{fileID: 0}","Assets/Core/Data/Items/Definitions/Item_militia_mail.asset"
"militia_shield","Militia Shield","OffHand","1","","1","0","false","{fileID: 0}","{fileID: 0}","{fileID: 0}","Assets/Core/Data/Items/Definitions/Item_militia_shield.asset"
"militia_sword","Militia Sword","Weapon","1","","1","0","false","{fileID: 0}","{fileID: 11400000, guid: 43cb57d2355064e60a79eebe8ee3112b, type: 2}","{fileID: 0}","Assets/Core/Data/Items/Definitions/Item_militia_sword.asset"
"militiav2_helm","Militia Helmet","Helm","1","","1","0","false","{fileID: 11400000, guid: 86b261facbbfb430fbb52d4b10c7ea7c, type: 2}","{fileID: 0}","{fileID: 0}","Assets/Core/Data/Items/Definitions/Item_militiav2_helm.asset"
"militiav2_mail","Militia Hauberk","Armor","1","","1","0","false","{fileID: 11400000, guid: dddddf01911e540cb9da565a1fe0e174, type: 2}","{fileID: 0}","{fileID: 0}","Assets/Core/Data/Items/Definitions/Item_militiav2_mail.asset"
"plate_chest","Fantasy Plate Chest","Armor","4","","1","0","false","{fileID: 11400000, guid: 9cd2356fefbaa458cae8656c8c90b2d8, type: 2}","{fileID: 0}","{fileID: 0}","Assets/Core/Data/Items/Definitions/Item_plate_chest.asset"
"vanguard_greatsword","Vanguard Greatsword","Weapon","4","Needs both hands. The off-hand stays empty while it is drawn.","1","0","true","{fileID: 0}","{fileID: 11400000, guid: 43cb57d2355064e60a79eebe8ee3112b, type: 2}","{fileID: 0}","Assets/Core/Data/Items/Definitions/Item_vanguard_greatsword.asset"
"vanguard_longsword","Vanguard Longsword","Weapon","4","","1","0","false","{fileID: 0}","{fileID: 11400000, guid: 43cb57d2355064e60a79eebe8ee3112b, type: 2}","{fileID: 0}","Assets/Core/Data/Items/Definitions/Item_vanguard_longsword.asset"
"warrior_garb","Warrior Garb","Armor","3","","1","0","false","{fileID: 11400000, guid: bb40e1f84bb024e2994eeefa1b937409, type: 2}","{fileID: 0}","{fileID: 0}","Assets/Core/Data/Items/Definitions/Item_warrior_garb.asset"
"wind_tonic","Second Wind Tonic","Consumable","2","Tastes of cold iron. The legs remember how to run.","5","0","false","{fileID: 0}","{fileID: 0}","{fileID: 11400000, guid: 858083c96ee164599969a656e1c15897, type: 2}","Assets/Core/Data/Items/Definitions/Item_wind_tonic.asset"
